Model,CV F1 (mean),CV F1 (std),Test Accuracy,Test Precision,Test Recall,Test F1,Test ROC-AUC
K-Nearest Neighbors,0.8774898830415104,0.00695834586465697,0.9227421109902068,0.9303297724105899,0.8523404255319149,0.8896291361314679,0.9751342619371446
Decision Tree,0.8783217138963384,0.00884035557591256,0.9141924452044148,0.9454905847373637,0.8119148936170213,0.8736263736263736,0.946608511680502
Gradient Boosting,0.8653485019465993,0.0076361812945628426,0.9076636095134463,0.9655355249204666,0.7748936170212766,0.8597733711048159,0.9449166497308508
Random Forest,0.861139656533884,0.010243010199766927,0.9079745064511114,0.9834983498349835,0.7608510638297873,0.8579654510556622,0.9582803633123328
AdaBoost,0.7452141625155415,0.010216186547538345,0.8249650240945127,0.8038728897715988,0.688936170212766,0.7419798350137489,0.8842905977561346
Logistic Regression,0.6960184343434268,0.004347756575268282,0.8131509404632364,0.8126361655773421,0.6348936170212766,0.712852365026278,0.8481601450748042
Extra Trees,0.6158392571172341,0.01775117469510097,0.8019586507072906,0.9769503546099291,0.46893617021276596,0.6336975273145485,0.8830442780391973
SVM (RBF),0.5536853314678781,0.009153630892151477,0.4860873620394839,0.4073643410852713,0.894468085106383,0.5597869507323568,0.7507869682805197
Naive Bayes,0.5505245346011275,0.09153901055639957,0.7243898647598321,0.7559893522626442,0.3625531914893617,0.4900776531492666,0.7934125408413712
